<?xml version='1.0' encoding='utf-8' ?>
<!DOCTYPE document SYSTEM "file:///C:/Xilinx/14.7/ISE_DS/ISE/xbr/data/xmlReportxbr.dtd">
<document><ascFile>cpldtop.rpt</ascFile><devFile>C:/Xilinx/14.7/ISE_DS/ISE/xbr/data/xc2c64a.chp</devFile><mfdFile>cpldtop.mfd</mfdFile><htmlFile logic_legend="logiclegend.htm" logo="coolrunnerII_logo.jpg" pin_legend="pinlegend.htm"/><header date=" 4- 3-2014" design="cpldtop" device="XC2C64A" eqnType="1" pkg="VQ44" speed="-5" status="1" statusStr="Successful" swVersion="P.20131013" time="  3:42PM" version="1.0"/><inputs id="burst"/><inputs id="field"/><inputs id="sw0_SPECSIG"/><inputs id="io31_SPECSIG"/><inputs id="sw1_SPECSIG"/><inputs id="io32_SPECSIG"/><inputs id="vsync"/><inputs id="csync"/><global_inputs id="clk1khz" use="GCK" userloc="P44"/><global_inputs id="clk4mhz" use="GCK" userloc="P1"/><pin id="FB1_MC1_PIN38" iostd="LVCMOS33" pinnum="38" signal="gate_b" use="O"/><pin id="FB1_MC2_PIN37" iostd="LVCMOS33" pinnum="37" signal="gate_w" use="O"/><pin id="FB1_MC3_PIN36" iostd="LVCMOS33" iostyle="PU" pinnum="36" signal="sw1_SPECSIG" use="I"/><pin id="FB1_MC9_PIN34" iostd="LVCMOS33" iostyle="PU" pinnum="34" signal="sw0_SPECSIG" use="I"/><pin id="FB1_MC10_PIN33" iostd="LVCMOS33" pinnum="33" signal="io33_SPECSIG" use="O"/><pin id="FB1_MC11_PIN32" iostd="LVCMOS33" iostyle="PU" pinnum="32" signal="io32_SPECSIG" use="I"/><pin id="FB1_MC12_PIN31" iostd="LVCMOS33" iostyle="PU" pinnum="31" signal="io31_SPECSIG" use="I"/><pin id="FB1_MC13_PIN30" iostd="LVCMOS33" pinnum="30" signal="io30_SPECSIG" use="O"/><pin id="FB2_MC1_PIN39" iostd="LVCMOS33" iostyle="PU" pinnum="39" signal="csync" use="I"/><pin id="FB2_MC2_PIN40" iostd="LVCMOS33" iostyle="PU" pinnum="40" signal="field" use="I"/><pin id="FB2_MC5_PIN41" iostd="LVCMOS33" iostyle="PU" pinnum="41" signal="burst" use="I"/><pin id="FB2_MC6_PIN42" iostd="LVCMOS33" iostyle="PU" pinnum="42" signal="vsync" use="I"/><pin id="FB2_MC7_PIN43" pinnum="43"/><pin id="FB2_MC8_PIN44" iostd="LVCMOS33" iostyle="PU" pinnum="44" signal="clk1khz" use="GCK"/><pin id="FB2_MC10_PIN1" iostd="LVCMOS33" iostyle="PU" pinnum="1" signal="clk4mhz" use="GCK"/><pin id="FB2_MC12_PIN2" pinnum="2" signal="count9_SPECSIG" use="b_SPECSIG"/><pin id="FB2_MC13_PIN3" pinnum="3" signal="count8_SPECSIG" use="b_SPECSIG"/><pin id="FB3_MC1_PIN29" iostd="LVCMOS33" pinnum="29" signal="io29_SPECSIG" use="O"/><pin id="FB3_MC2_PIN28" iostd="LVCMOS33" pinnum="28" signal="io28_SPECSIG" use="O"/><pin id="FB3_MC3_PIN27" iostd="LVCMOS33" pinnum="27" signal="io27_SPECSIG" use="O"/><pin id="FB3_MC6_PIN23" pinnum="23"/><pin id="FB3_MC10_PIN22" pinnum="22"/><pin id="FB3_MC11_PIN21" pinnum="21"/><pin id="FB3_MC12_PIN20" iostd="LVCMOS33" pinnum="20" signal="led0_SPECSIG" use="O"/><pin id="FB3_MC14_PIN19" iostd="LVCMOS33" pinnum="19" signal="led1_SPECSIG" use="O"/><pin id="FB3_MC15_PIN18" pinnum="18"/><pin id="FB4_MC1_PIN5" pinnum="5"/><pin id="FB4_MC2_PIN6" pinnum="6"/><pin id="FB4_MC7_PIN8" pinnum="8"/><pin id="FB4_MC11_PIN12" pinnum="12"/><pin id="FB4_MC13_PIN13" pinnum="13"/><pin id="FB4_MC14_PIN14" pinnum="14"/><pin id="FB4_MC15_PIN16" pinnum="16"/><pin id="FB_PIN35" pinnum="35" use="VCCAUX"/><pin id="FB_PIN7" pinnum="7" use="VCCIO-3.3"/><pin id="FB_PIN15" pinnum="15" use="VCC"/><pin id="FB_PIN26" pinnum="26" use="VCCIO-3.3"/><fblock id="FB1" pinUse="8"><macrocell id="FB1_MC1" pin="FB1_MC1_PIN38" sigUse="2" signal="gate_b"><eq_pterm ptindx="FB1_4"/><eq_pterm ptindx="FB1_5"/></macrocell><macrocell id="FB1_MC2" pin="FB1_MC2_PIN37" sigUse="2" signal="gate_w"><eq_pterm ptindx="FB1_6"/><eq_pterm ptindx="FB1_7"/></macrocell><macrocell id="FB1_MC3" pin="FB1_MC3_PIN36" sigUse="0" signal="U_SLOWCOUNTq0_SPECSIG"/><macrocell id="FB1_MC4" sigUse="6" signal="line_count2_SPECSIG"><eq_pterm ptindx="FB1_22"/><eq_pterm ptindx="FB1_23"/></macrocell><macrocell id="FB1_MC5" sigUse="7" signal="line_count3_SPECSIG"><eq_pterm ptindx="FB1_20"/><eq_pterm ptindx="FB1_21"/></macrocell><macrocell id="FB1_MC6" sigUse="8" signal="line_count4_SPECSIG"><eq_pterm ptindx="FB1_18"/><eq_pterm ptindx="FB1_19"/></macrocell><macrocell id="FB1_MC7" sigUse="9" signal="line_count5_SPECSIG"><eq_pterm ptindx="FB1_16"/><eq_pterm ptindx="FB1_17"/></macrocell><macrocell id="FB1_MC8" sigUse="10" signal="line_count6_SPECSIG"><eq_pterm ptindx="FB1_14"/><eq_pterm ptindx="FB1_15"/></macrocell><macrocell id="FB1_MC9" pin="FB1_MC9_PIN34" sigUse="1" signal="csync_d2"><eq_pterm ptindx="FB1_34"/></macrocell><macrocell id="FB1_MC10" pin="FB1_MC10_PIN33" sigUse="10" signal="io33_SPECSIG"><eq_pterm ptindx="FB1_1"/><eq_pterm ptindx="FB1_3"/><eq_pterm ptindx="FB1_2"/><eq_pterm ptindx="FB1_0"/></macrocell><macrocell id="FB1_MC11" pin="FB1_MC11_PIN32" sigUse="4" signal="line_count0_SPECSIG"><eq_pterm ptindx="FB1_26"/><eq_pterm ptindx="FB1_27"/></macrocell><macrocell id="FB1_MC12" pin="FB1_MC12_PIN31" sigUse="5" signal="line_count1_SPECSIG"><eq_pterm ptindx="FB1_24"/><eq_pterm ptindx="FB1_25"/></macrocell><macrocell id="FB1_MC13" pin="FB1_MC13_PIN30" sigUse="1" signal="io30_SPECSIG"><eq_pterm ptindx="FB1_46"/></macrocell><macrocell id="FB1_MC14" sigUse="11" signal="line_count7_SPECSIG"><eq_pterm ptindx="FB1_12"/><eq_pterm ptindx="FB1_13"/></macrocell><macrocell id="FB1_MC15" sigUse="12" signal="line_count8_SPECSIG"><eq_pterm ptindx="FB1_10"/><eq_pterm ptindx="FB1_11"/></macrocell><macrocell id="FB1_MC16" sigUse="13" signal="line_count9_SPECSIG"><eq_pterm ptindx="FB1_8"/><eq_pterm ptindx="FB1_9"/></macrocell><fbinput id="FB1_I1" signal="csync"/><fbinput id="FB1_I2" signal="csync_d"/><fbinput id="FB1_I3" signal="csync_d2"/><fbinput id="FB1_I4" signal="io31_SPECSIG"/><fbinput id="FB1_I5" signal="io32_SPECSIG"/><fbinput id="FB1_I6" signal="line_count0_SPECSIG"/><fbinput id="FB1_I7" signal="line_count1_SPECSIG"/><fbinput id="FB1_I8" signal="line_count2_SPECSIG"/><fbinput id="FB1_I9" signal="line_count3_SPECSIG"/><fbinput id="FB1_I10" signal="line_count4_SPECSIG"/><fbinput id="FB1_I11" signal="line_count5_SPECSIG"/><fbinput id="FB1_I12" signal="line_count6_SPECSIG"/><fbinput id="FB1_I13" signal="line_count7_SPECSIG"/><fbinput id="FB1_I14" signal="line_count8_SPECSIG"/><fbinput id="FB1_I15" signal="line_count9_SPECSIG"/><fbinput id="FB1_I16" signal="sw0_SPECSIG"/><fbinput id="FB1_I17" signal="sw1_SPECSIG"/><fbinput id="FB1_I18" signal="vsync"/><PAL><pterm id="FB1_0"><signal id="line_count0_SPECSIG" negated="ON"/><signal id="line_count1_SPECSIG" negated="ON"/><signal id="line_count2_SPECSIG" negated="ON"/><signal id="line_count4_SPECSIG"/><signal id="line_count5_SPECSIG"/><signal id="line_count6_SPECSIG" negated="ON"/><signal id="line_count7_SPECSIG" negated="ON"/><signal id="line_count8_SPECSIG" negated="ON"/><signal id="line_count9_SPECSIG" negated="ON"/></pterm><pterm id="FB1_1"><signal id="line_count4_SPECSIG"/><signal id="line_count3_SPECSIG" negated="ON"/><signal id="line_count5_SPECSIG"/><signal id="line_count6_SPECSIG" negated="ON"/><signal id="line_count7_SPECSIG" negated="ON"/><signal id="line_count8_SPECSIG" negated="ON"/><signal id="line_count9_SPECSIG" negated="ON"/></pterm><pterm id="FB1_2"><signal id="line_count0_SPECSIG"/><signal id="line_count1_SPECSIG"/><signal id="line_count4_SPECSIG" negated="ON"/><signal id="line_count3_SPECSIG"/><signal id="line_count5_SPECSIG"/><signal id="line_count6_SPECSIG" negated="ON"/><signal id="line_count7_SPECSIG" negated="ON"/><signal id="line_count8_SPECSIG" negated="ON"/><signal id="line_count9_SPECSIG" negated="ON"/></pterm><pterm id="FB1_3"><signal id="line_count2_SPECSIG"/><signal id="line_count4_SPECSIG" negated="ON"/><signal id="line_count3_SPECSIG"/><signal id="line_count5_SPECSIG"/><signal id="line_count6_SPECSIG" negated="ON"/><signal id="line_count7_SPECSIG" negated="ON"/><signal id="line_count8_SPECSIG" negated="ON"/><signal id="line_count9_SPECSIG" negated="ON"/></pterm><pterm id="FB1_4"><signal id="sw0_SPECSIG"/><signal id="io31_SPECSIG"/></pterm><pterm id="FB1_5"><signal id="sw0_SPECSIG" negated="ON"/><signal id="io31_SPECSIG" negated="ON"/></pterm><pterm id="FB1_6"><signal id="sw1_SPECSIG"/><signal id="io32_SPECSIG"/></pterm><pterm id="FB1_7"><signal id="sw1_SPECSIG" negated="ON"/><signal id="io32_SPECSIG" negated="ON"/></pterm><pterm id="FB1_8"><signal id="vsync"/><signal id="line_count9_SPECSIG"/></pterm><pterm id="FB1_9"><signal id="vsync" negated="ON"/><signal id="line_count0_SPECSIG"/><signal id="csync_d"/><signal id="csync_d2" negated="ON"/><signal id="line_count1_SPECSIG"/><signal id="line_count2_SPECSIG"/><signal id="line_count4_SPECSIG"/><signal id="line_count3_SPECSIG"/><signal id="line_count5_SPECSIG"/><signal id="line_count6_SPECSIG"/><signal id="line_count7_SPECSIG"/><signal id="line_count8_SPECSIG"/></pterm><pterm id="FB1_10"><signal id="vsync"/><signal id="line_count8_SPECSIG"/></pterm><pterm id="FB1_11"><signal id="vsync" negated="ON"/><signal id="line_count0_SPECSIG"/><signal id="csync_d"/><signal id="csync_d2" negated="ON"/><signal id="line_count1_SPECSIG"/><signal id="line_count2_SPECSIG"/><signal id="line_count4_SPECSIG"/><signal id="line_count3_SPECSIG"/><signal id="line_count5_SPECSIG"/><signal id="line_count6_SPECSIG"/><signal id="line_count7_SPECSIG"/></pterm><pterm id="FB1_12"><signal id="vsync"/><signal id="line_count7_SPECSIG"/></pterm><pterm id="FB1_13"><signal id="vsync" negated="ON"/><signal id="line_count0_SPECSIG"/><signal id="csync_d"/><signal id="csync_d2" negated="ON"/><signal id="line_count1_SPECSIG"/><signal id="line_count2_SPECSIG"/><signal id="line_count4_SPECSIG"/><signal id="line_count3_SPECSIG"/><signal id="line_count5_SPECSIG"/><signal id="line_count6_SPECSIG"/></pterm><pterm id="FB1_14"><signal id="vsync"/><signal id="line_count6_SPECSIG"/></pterm><pterm id="FB1_15"><signal id="vsync" negated="ON"/><signal id="line_count0_SPECSIG"/><signal id="csync_d"/><signal id="csync_d2" negated="ON"/><signal id="line_count1_SPECSIG"/><signal id="line_count2_SPECSIG"/><signal id="line_count4_SPECSIG"/><signal id="line_count3_SPECSIG"/><signal id="line_count5_SPECSIG"/></pterm><pterm id="FB1_16"><signal id="vsync"/><signal id="line_count5_SPECSIG"/></pterm><pterm id="FB1_17"><signal id="vsync" negated="ON"/><signal id="line_count0_SPECSIG"/><signal id="csync_d"/><signal id="csync_d2" negated="ON"/><signal id="line_count1_SPECSIG"/><signal id="line_count2_SPECSIG"/><signal id="line_count4_SPECSIG"/><signal id="line_count3_SPECSIG"/></pterm><pterm id="FB1_18"><signal id="vsync"/><signal id="line_count4_SPECSIG"/></pterm><pterm id="FB1_19"><signal id="vsync" negated="ON"/><signal id="line_count0_SPECSIG"/><signal id="csync_d"/><signal id="csync_d2" negated="ON"/><signal id="line_count1_SPECSIG"/><signal id="line_count2_SPECSIG"/><signal id="line_count3_SPECSIG"/></pterm><pterm id="FB1_20"><signal id="vsync"/><signal id="line_count3_SPECSIG"/></pterm><pterm id="FB1_21"><signal id="vsync" negated="ON"/><signal id="line_count0_SPECSIG"/><signal id="csync_d"/><signal id="csync_d2" negated="ON"/><signal id="line_count1_SPECSIG"/><signal id="line_count2_SPECSIG"/></pterm><pterm id="FB1_22"><signal id="vsync"/><signal id="line_count2_SPECSIG"/></pterm><pterm id="FB1_23"><signal id="vsync" negated="ON"/><signal id="line_count0_SPECSIG"/><signal id="csync_d"/><signal id="csync_d2" negated="ON"/><signal id="line_count1_SPECSIG"/></pterm><pterm id="FB1_24"><signal id="vsync"/><signal id="line_count1_SPECSIG"/></pterm><pterm id="FB1_25"><signal id="vsync" negated="ON"/><signal id="line_count0_SPECSIG"/><signal id="csync_d"/><signal id="csync_d2" negated="ON"/></pterm><pterm id="FB1_26"><signal id="vsync"/><signal id="line_count0_SPECSIG"/></pterm><pterm id="FB1_27"><signal id="vsync" negated="ON"/><signal id="csync_d"/><signal id="csync_d2" negated="ON"/></pterm><pterm id="FB1_34"><signal id="csync_d"/></pterm><pterm id="FB1_46"><signal id="csync"/></pterm></PAL><equation id="gate_b"><d2><eq_pterm ptindx="FB1_4"/><eq_pterm ptindx="FB1_5"/></d2></equation><equation id="gate_w"><d2><eq_pterm ptindx="FB1_6"/><eq_pterm ptindx="FB1_7"/></d2></equation><equation id="U_SLOWCOUNTq0_SPECSIG" negated="ON" regUse="TFF"><d2><eq_pterm ptindx="GND"/></d2><clk><fastsig signal="clk1khz"/></clk><prld ptindx="GND"/></equation><equation id="line_count2_SPECSIG" regUse="TFF"><d2><eq_pterm ptindx="FB1_22"/><eq_pterm ptindx="FB1_23"/></d2><clk><fastsig signal="clk4mhz"/></clk><prld ptindx="GND"/></equation><equation id="line_count3_SPECSIG" regUse="TFF"><d2><eq_pterm ptindx="FB1_20"/><eq_pterm ptindx="FB1_21"/></d2><clk><fastsig signal="clk4mhz"/></clk><prld ptindx="GND"/></equation><equation id="line_count4_SPECSIG" regUse="TFF"><d2><eq_pterm ptindx="FB1_18"/><eq_pterm ptindx="FB1_19"/></d2><clk><fastsig signal="clk4mhz"/></clk><prld ptindx="GND"/></equation><equation id="line_count5_SPECSIG" regUse="TFF"><d2><eq_pterm ptindx="FB1_16"/><eq_pterm ptindx="FB1_17"/></d2><clk><fastsig signal="clk4mhz"/></clk><prld ptindx="GND"/></equation><equation id="line_count6_SPECSIG" regUse="TFF"><d2><eq_pterm ptindx="FB1_14"/><eq_pterm ptindx="FB1_15"/></d2><clk><fastsig signal="clk4mhz"/></clk><prld ptindx="GND"/></equation><equation id="csync_d2" regUse="DFF"><d1><eq_pterm ptindx="FB1_34"/></d1><clk><fastsig signal="clk4mhz"/></clk><prld ptindx="GND"/></equation><equation id="io33_SPECSIG"><d2><eq_pterm ptindx="FB1_1"/><eq_pterm ptindx="FB1_3"/><eq_pterm ptindx="FB1_2"/><eq_pterm ptindx="FB1_0"/></d2></equation><equation id="line_count0_SPECSIG" regUse="TFF"><d2><eq_pterm ptindx="FB1_26"/><eq_pterm ptindx="FB1_27"/></d2><clk><fastsig signal="clk4mhz"/></clk><prld ptindx="GND"/></equation><equation id="line_count1_SPECSIG" regUse="TFF"><d2><eq_pterm ptindx="FB1_24"/><eq_pterm ptindx="FB1_25"/></d2><clk><fastsig signal="clk4mhz"/></clk><prld ptindx="GND"/></equation><equation id="io30_SPECSIG"><d1><eq_pterm ptindx="FB1_46"/></d1></equation><equation id="line_count7_SPECSIG" regUse="TFF"><d2><eq_pterm ptindx="FB1_12"/><eq_pterm ptindx="FB1_13"/></d2><clk><fastsig signal="clk4mhz"/></clk><prld ptindx="GND"/></equation><equation id="line_count8_SPECSIG" regUse="TFF"><d2><eq_pterm ptindx="FB1_10"/><eq_pterm ptindx="FB1_11"/></d2><clk><fastsig signal="clk4mhz"/></clk><prld ptindx="GND"/></equation><equation id="line_count9_SPECSIG" regUse="TFF"><d2><eq_pterm ptindx="FB1_8"/><eq_pterm ptindx="FB1_9"/></d2><clk><fastsig signal="clk4mhz"/></clk><prld ptindx="GND"/></equation></fblock><fblock id="FB2" pinUse="4"><macrocell id="FB2_MC1" inreg="csync_d" pin="FB2_MC1_PIN39" sigUse="0"/><macrocell id="FB2_MC2" pin="FB2_MC2_PIN40"/><macrocell id="FB2_MC3" sigUse="7" signal="count7_SPECSIG"><eq_pterm ptindx="FB2_16"/></macrocell><macrocell id="FB2_MC4" sigUse="6" signal="count6_SPECSIG"><eq_pterm ptindx="FB2_19"/></macrocell><macrocell id="FB2_MC5" pin="FB2_MC5_PIN41"/><macrocell id="FB2_MC6" pin="FB2_MC6_PIN42"/><macrocell id="FB2_MC7" pin="FB2_MC7_PIN43"/><macrocell id="FB2_MC8" pin="FB2_MC8_PIN44"/><macrocell id="FB2_MC9" sigUse="5" signal="U_SLOWCOUNTq5_SPECSIG"><eq_pterm ptindx="FB2_34"/></macrocell><macrocell id="FB2_MC10" pin="FB2_MC10_PIN1"/><macrocell id="FB2_MC11" sigUse="4" signal="U_SLOWCOUNTq4_SPECSIG"><eq_pterm ptindx="FB2_40"/></macrocell><macrocell id="FB2_MC12" pin="FB2_MC12_PIN2" sigUse="9" signal="count9_SPECSIG"><eq_pterm ptindx="FB2_43"/></macrocell><macrocell id="FB2_MC13" pin="FB2_MC13_PIN3" sigUse="8" signal="count8_SPECSIG"><eq_pterm ptindx="FB2_46"/></macrocell><macrocell id="FB2_MC14" sigUse="3" signal="U_SLOWCOUNTq3_SPECSIG"><eq_pterm ptindx="FB2_49"/></macrocell><macrocell id="FB2_MC15" sigUse="2" signal="U_SLOWCOUNTq2_SPECSIG"><eq_pterm ptindx="FB2_52"/></macrocell><macrocell id="FB2_MC16" sigUse="1" signal="U_SLOWCOUNTq1_SPECSIG"><eq_pterm ptindx="FB2_55"/></macrocell><fbinput id="FB2_I1" signal="U_SLOWCOUNTq0_SPECSIG"/><fbinput id="FB2_I2" signal="U_SLOWCOUNTq1_SPECSIG"/><fbinput id="FB2_I3" signal="U_SLOWCOUNTq2_SPECSIG"/><fbinput id="FB2_I4" signal="U_SLOWCOUNTq3_SPECSIG"/><fbinput id="FB2_I5" signal="U_SLOWCOUNTq4_SPECSIG"/><fbinput id="FB2_I6" signal="U_SLOWCOUNTq5_SPECSIG"/><fbinput id="FB2_I7" signal="count6_SPECSIG"/><fbinput id="FB2_I8" signal="count7_SPECSIG"/><fbinput id="FB2_I9" signal="count8_SPECSIG"/><PAL><pterm id="FB2_16"><signal id="U_SLOWCOUNTq0_SPECSIG"/><signal id="count6_SPECSIG"/><signal id="U_SLOWCOUNTq1_SPECSIG"/><signal id="U_SLOWCOUNTq2_SPECSIG"/><signal id="U_SLOWCOUNTq3_SPECSIG"/><signal id="U_SLOWCOUNTq4_SPECSIG"/><signal id="U_SLOWCOUNTq5_SPECSIG"/></pterm><pterm id="FB2_19"><signal id="U_SLOWCOUNTq0_SPECSIG"/><signal id="U_SLOWCOUNTq1_SPECSIG"/><signal id="U_SLOWCOUNTq2_SPECSIG"/><signal id="U_SLOWCOUNTq3_SPECSIG"/><signal id="U_SLOWCOUNTq4_SPECSIG"/><signal id="U_SLOWCOUNTq5_SPECSIG"/></pterm><pterm id="FB2_34"><signal id="U_SLOWCOUNTq0_SPECSIG"/><signal id="U_SLOWCOUNTq1_SPECSIG"/><signal id="U_SLOWCOUNTq2_SPECSIG"/><signal id="U_SLOWCOUNTq3_SPECSIG"/><signal id="U_SLOWCOUNTq4_SPECSIG"/></pterm><pterm id="FB2_40"><signal id="U_SLOWCOUNTq0_SPECSIG"/><signal id="U_SLOWCOUNTq1_SPECSIG"/><signal id="U_SLOWCOUNTq2_SPECSIG"/><signal id="U_SLOWCOUNTq3_SPECSIG"/></pterm><pterm id="FB2_43"><signal id="count7_SPECSIG"/><signal id="U_SLOWCOUNTq0_SPECSIG"/><signal id="count6_SPECSIG"/><signal id="U_SLOWCOUNTq1_SPECSIG"/><signal id="U_SLOWCOUNTq2_SPECSIG"/><signal id="U_SLOWCOUNTq3_SPECSIG"/><signal id="U_SLOWCOUNTq4_SPECSIG"/><signal id="U_SLOWCOUNTq5_SPECSIG"/><signal id="count8_SPECSIG"/></pterm><pterm id="FB2_46"><signal id="count7_SPECSIG"/><signal id="U_SLOWCOUNTq0_SPECSIG"/><signal id="count6_SPECSIG"/><signal id="U_SLOWCOUNTq1_SPECSIG"/><signal id="U_SLOWCOUNTq2_SPECSIG"/><signal id="U_SLOWCOUNTq3_SPECSIG"/><signal id="U_SLOWCOUNTq4_SPECSIG"/><signal id="U_SLOWCOUNTq5_SPECSIG"/></pterm><pterm id="FB2_49"><signal id="U_SLOWCOUNTq0_SPECSIG"/><signal id="U_SLOWCOUNTq1_SPECSIG"/><signal id="U_SLOWCOUNTq2_SPECSIG"/></pterm><pterm id="FB2_52"><signal id="U_SLOWCOUNTq0_SPECSIG"/><signal id="U_SLOWCOUNTq1_SPECSIG"/></pterm><pterm id="FB2_55"><signal id="U_SLOWCOUNTq0_SPECSIG"/></pterm></PAL><equation id="csync_d" regUse="DFF"><inreg inputs="csync"/><clk><fastsig signal="clk4mhz"/></clk><prld ptindx="GND"/></equation><equation id="count7_SPECSIG" regUse="TFF"><d1><eq_pterm ptindx="FB2_16"/></d1><clk><fastsig signal="clk1khz"/></clk><prld ptindx="GND"/></equation><equation id="count6_SPECSIG" regUse="TFF"><d1><eq_pterm ptindx="FB2_19"/></d1><clk><fastsig signal="clk1khz"/></clk><prld ptindx="GND"/></equation><equation id="U_SLOWCOUNTq5_SPECSIG" regUse="TFF"><d1><eq_pterm ptindx="FB2_34"/></d1><clk><fastsig signal="clk1khz"/></clk><prld ptindx="GND"/></equation><equation id="U_SLOWCOUNTq4_SPECSIG" regUse="TFF"><d1><eq_pterm ptindx="FB2_40"/></d1><clk><fastsig signal="clk1khz"/></clk><prld ptindx="GND"/></equation><equation id="count9_SPECSIG" regUse="TFF"><d1><eq_pterm ptindx="FB2_43"/></d1><clk><fastsig signal="clk1khz"/></clk><prld ptindx="GND"/></equation><equation id="count8_SPECSIG" regUse="TFF"><d1><eq_pterm ptindx="FB2_46"/></d1><clk><fastsig signal="clk1khz"/></clk><prld ptindx="GND"/></equation><equation id="U_SLOWCOUNTq3_SPECSIG" regUse="TFF"><d1><eq_pterm ptindx="FB2_49"/></d1><clk><fastsig signal="clk1khz"/></clk><prld ptindx="GND"/></equation><equation id="U_SLOWCOUNTq2_SPECSIG" regUse="TFF"><d1><eq_pterm ptindx="FB2_52"/></d1><clk><fastsig signal="clk1khz"/></clk><prld ptindx="GND"/></equation><equation id="U_SLOWCOUNTq1_SPECSIG" regUse="TFF"><d1><eq_pterm ptindx="FB2_55"/></d1><clk><fastsig signal="clk1khz"/></clk><prld ptindx="GND"/></equation></fblock><fblock id="FB3" pinUse="5"><macrocell id="FB3_MC1" pin="FB3_MC1_PIN29" sigUse="1" signal="io29_SPECSIG"><eq_pterm ptindx="FB3_10"/></macrocell><macrocell id="FB3_MC2" pin="FB3_MC2_PIN28" sigUse="1" signal="io28_SPECSIG"><eq_pterm ptindx="FB3_13"/></macrocell><macrocell id="FB3_MC3" pin="FB3_MC3_PIN27" sigUse="1" signal="io27_SPECSIG"><eq_pterm ptindx="FB3_16"/></macrocell><macrocell id="FB3_MC4"/><macrocell id="FB3_MC5"/><macrocell id="FB3_MC6" pin="FB3_MC6_PIN23"/><macrocell id="FB3_MC7"/><macrocell id="FB3_MC8"/><macrocell id="FB3_MC9"/><macrocell id="FB3_MC10" pin="FB3_MC10_PIN22"/><macrocell id="FB3_MC11" pin="FB3_MC11_PIN21"/><macrocell id="FB3_MC12" pin="FB3_MC12_PIN20" sigUse="3" signal="led0_SPECSIG"><eq_pterm ptindx="FB3_0"/><eq_pterm ptindx="FB3_1"/></macrocell><macrocell id="FB3_MC13"/><macrocell id="FB3_MC14" pin="FB3_MC14_PIN19" sigUse="3" signal="led1_SPECSIG"><eq_pterm ptindx="FB3_2"/><eq_pterm ptindx="FB3_3"/></macrocell><macrocell id="FB3_MC15" pin="FB3_MC15_PIN18"/><macrocell id="FB3_MC16"/><fbinput id="FB3_I1" signal="burst"/><fbinput id="FB3_I2" signal="count6_SPECSIG"/><fbinput id="FB3_I3" signal="count7_SPECSIG"/><fbinput id="FB3_I4" signal="count8_SPECSIG"/><fbinput id="FB3_I5" signal="count9_SPECSIG"/><fbinput id="FB3_I6" signal="field"/><fbinput id="FB3_I7" signal="sw0_SPECSIG"/><fbinput id="FB3_I8" signal="sw1_SPECSIG"/><fbinput id="FB3_I9" signal="vsync"/><PAL><pterm id="FB3_0"><signal id="sw0_SPECSIG"/><signal id="count7_SPECSIG" negated="ON"/></pterm><pterm id="FB3_1"><signal id="sw0_SPECSIG" negated="ON"/><signal id="count9_SPECSIG" negated="ON"/></pterm><pterm id="FB3_2"><signal id="sw1_SPECSIG"/><signal id="count6_SPECSIG" negated="ON"/></pterm><pterm id="FB3_3"><signal id="sw1_SPECSIG" negated="ON"/><signal id="count8_SPECSIG" negated="ON"/></pterm><pterm id="FB3_10"><signal id="field"/></pterm><pterm id="FB3_13"><signal id="burst"/></pterm><pterm id="FB3_16"><signal id="vsync"/></pterm></PAL><equation id="io29_SPECSIG"><d1><eq_pterm ptindx="FB3_10"/></d1></equation><equation id="io28_SPECSIG"><d1><eq_pterm ptindx="FB3_13"/></d1></equation><equation id="io27_SPECSIG"><d1><eq_pterm ptindx="FB3_16"/></d1></equation><equation id="led0_SPECSIG" negated="ON"><d2><eq_pterm ptindx="FB3_0"/><eq_pterm ptindx="FB3_1"/></d2></equation><equation id="led1_SPECSIG" negated="ON"><d2><eq_pterm ptindx="FB3_2"/><eq_pterm ptindx="FB3_3"/></d2></equation></fblock><fblock id="FB4" pinUse="0"><macrocell id="FB4_MC1" pin="FB4_MC1_PIN5"/><macrocell id="FB4_MC2" pin="FB4_MC2_PIN6"/><macrocell id="FB4_MC3"/><macrocell id="FB4_MC4"/><macrocell id="FB4_MC5"/><macrocell id="FB4_MC6"/><macrocell id="FB4_MC7" pin="FB4_MC7_PIN8"/><macrocell id="FB4_MC8"/><macrocell id="FB4_MC9"/><macrocell id="FB4_MC10"/><macrocell id="FB4_MC11" pin="FB4_MC11_PIN12"/><macrocell id="FB4_MC12"/><macrocell id="FB4_MC13" pin="FB4_MC13_PIN13"/><macrocell id="FB4_MC14" pin="FB4_MC14_PIN14"/><macrocell id="FB4_MC15" pin="FB4_MC15_PIN16"/><macrocell id="FB4_MC16"/><PAL/></fblock><vcc/><gnd/><messages><warning>Cpld - Unable to retrieve the path to the iSE Project Repository. Will   use the default filename of 'cpldtop.ise'.INFO:Cpld - Inferring BUFG constraint for signal 'clk1khz' based upon the LOC   constraint 'P44'. It is recommended that you declare this BUFG explicitedly   in your design. Note that for certain device families the output of a BUFG   constraint can not drive a gated clock, and the BUFG constraint will be   ignored.INFO:Cpld - Inferring BUFG constraint for signal 'clk4mhz' based upon the LOC   constraint 'P1'. It is recommended that you declare this BUFG explicitedly in   your design. Note that for certain device families the output of a BUFG   constraint can not drive a gated clock, and the BUFG constraint will be   ignored.INFO:Cpld - Inferring BUFG constraint for signal 'gclk2' based upon the LOC   constraint 'P43'. It is recommended that you declare this BUFG explicitedly   in your design. Note that for certain device families the output of a BUFG   constraint can not drive a gated clock, and the BUFG constraint will be   ignored.</warning><warning>Cpld:1007 - Removing unused input(s) 'gclk2'.  The input(s) are unused   after optimization. Please verify functionality via simulation.</warning><warning>Cpld:968 - PULLUP specified for non tristated output 'io&lt;33&gt;' is   ignored.</warning><warning>Cpld:968 - PULLUP specified for non tristated output 'io&lt;30&gt;' is   ignored.</warning><warning>Cpld:968 - PULLUP specified for non tristated output 'io&lt;29&gt;' is   ignored.</warning><warning>Cpld:968 - PULLUP specified for non tristated output 'io&lt;28&gt;' is   ignored.</warning><warning>Cpld:968 - PULLUP specified for non tristated output 'io&lt;27&gt;' is   ignored.</warning></messages><compOpts blkfanin="38" datagate="ON" exhaust="OFF" gclkopt="ON" gsropt="ON" gtsopt="ON" ignoredg="OFF" ignorets="OFF" inputs="32" inreg="ON" iostd="LVCMOS33" keepio="OFF" loc="ON" mlopt="ON" optimize="DENSITY" part="xc2c64a-5-VQ44" prld="LOW" pterms="28" slew="FAST" terminate="PULLUP" unused="FLOAT" wysiwyg="OFF"/><specSig signal="sw0_SPECSIG" value="sw&lt;0&gt;"/><specSig signal="io31_SPECSIG" value="io&lt;31&gt;"/><specSig signal="sw1_SPECSIG" value="sw&lt;1&gt;"/><specSig signal="io32_SPECSIG" value="io&lt;32&gt;"/><specSig signal="io33_SPECSIG" value="io&lt;33&gt;"/><specSig signal="io30_SPECSIG" value="io&lt;30&gt;"/><specSig signal="b_SPECSIG" value="(b)"/><specSig signal="count9_SPECSIG" value="count&lt;9&gt;"/><specSig signal="count8_SPECSIG" value="count&lt;8&gt;"/><specSig signal="io29_SPECSIG" value="io&lt;29&gt;"/><specSig signal="io28_SPECSIG" value="io&lt;28&gt;"/><specSig signal="io27_SPECSIG" value="io&lt;27&gt;"/><specSig signal="led0_SPECSIG" value="led&lt;0&gt;"/><specSig signal="led1_SPECSIG" value="led&lt;1&gt;"/><specSig signal="U_SLOWCOUNTq0_SPECSIG" value="U_SLOWCOUNT/q&lt;0&gt;"/><specSig signal="line_count2_SPECSIG" value="line_count&lt;2&gt;"/><specSig signal="line_count3_SPECSIG" value="line_count&lt;3&gt;"/><specSig signal="line_count4_SPECSIG" value="line_count&lt;4&gt;"/><specSig signal="line_count5_SPECSIG" value="line_count&lt;5&gt;"/><specSig signal="line_count6_SPECSIG" value="line_count&lt;6&gt;"/><specSig signal="line_count0_SPECSIG" value="line_count&lt;0&gt;"/><specSig signal="line_count1_SPECSIG" value="line_count&lt;1&gt;"/><specSig signal="line_count7_SPECSIG" value="line_count&lt;7&gt;"/><specSig signal="line_count8_SPECSIG" value="line_count&lt;8&gt;"/><specSig signal="line_count9_SPECSIG" value="line_count&lt;9&gt;"/><specSig signal="count7_SPECSIG" value="count&lt;7&gt;"/><specSig signal="count6_SPECSIG" value="count&lt;6&gt;"/><specSig signal="U_SLOWCOUNTq5_SPECSIG" value="U_SLOWCOUNT/q&lt;5&gt;"/><specSig signal="U_SLOWCOUNTq4_SPECSIG" value="U_SLOWCOUNT/q&lt;4&gt;"/><specSig signal="U_SLOWCOUNTq3_SPECSIG" value="U_SLOWCOUNT/q&lt;3&gt;"/><specSig signal="U_SLOWCOUNTq2_SPECSIG" value="U_SLOWCOUNT/q&lt;2&gt;"/><specSig signal="U_SLOWCOUNTq1_SPECSIG" value="U_SLOWCOUNT/q&lt;1&gt;"/></document>
